{"wp_inactive_widgets":["archives-2","meta-2","categories-2","recent-posts-2","recent-comments-2","listeo-recent-posts-2"],"sidebar-1":["search-2","text-4"],"sidebar-shop":["woocommerce_product_search-2","woocommerce_widget_cart-2","woocommerce_price_filter-2","woocommerce_product_categories-2","woocommerce_products-2"],"footer1":["text-2"],"footer2":["nav_menu-2","nav_menu-4"],"footer3":["text-3"],"footer4":[],"sidebar-listing":["widget_booking_listings-2","widget_coupon-2","widget_contact_widget_listeo-2","widget_opening_hours-2","widget_listing_owner-2","widget_buttons_listings-2"],"sidebar-listings":["widget_search_form_listings-2"],"array_version":3}