{"archives":{"2":{"title":"","count":0,"dropdown":0},"_multiwidget":1},"meta":{"2":{"title":""},"_multiwidget":1},"categories":{"2":{"title":"","count":0,"hierarchical":0,"dropdown":0},"_multiwidget":1},"recent-posts":{"2":{"title":"","number":5},"_multiwidget":1},"recent-comments":{"2":{"title":"","number":5},"_multiwidget":1},"listeo-recent-posts":{"1":[],"2":{"title":"Recent Posts","number":3,"show_date":false},"_multiwidget":1},"search":{"2":{"title":""},"_multiwidget":1},"text":{"1":[],"_multiwidget":1,"2":{"title":"","text":"<img class=\"footer-logo alignnone\" src=\"https:\/\/listeo.pro\/wp-content\/uploads\/2018\/11\/logo.png\" alt=\"\" width=\"191\" height=\"59\" \/>\r\n\r\nMorbi convallis bibendum urna ut viverra. Maecenas quis consequat libero, a feugiat eros. Nunc ut lacinia tortor morbi ultricies laoreet ullamcorper phasellus semper.","filter":true,"visual":true},"3":{"title":"Contact Us","text":"12345 Little Lonsdale St, Melbourne\r\nPhone:\u00a0(123) 123-456\r\nE-Mail:\u00a0<a href=\"#\">office@example.com<\/a>","filter":true,"visual":true},"4":{"title":"Got Any Question?","text":"<div class=\"info-box margin-bottom-10\">\r\n\r\nIf you are having any questions, please feel free to ask.\r\n\r\n<a class=\"button fullwidth margin-top-20\" href=\"\/contact\/\"><i class=\"fa fa-envelope-o\"><\/i> Drop Us a Line<\/a>\r\n\r\n<\/div>","filter":true,"visual":true}},"woocommerce_product_search":{"2":{"title":""},"_multiwidget":1},"woocommerce_widget_cart":{"2":{"title":"Cart","hide_if_empty":0},"_multiwidget":1},"woocommerce_price_filter":{"2":{"title":"Filter by price"},"_multiwidget":1},"woocommerce_product_categories":{"2":{"title":"Product categories","orderby":"name","dropdown":1,"count":1,"hierarchical":1,"show_children_only":0,"hide_empty":0,"max_depth":""},"_multiwidget":1},"woocommerce_products":{"2":{"title":"Hot Products","number":3,"show":"","orderby":"date","order":"desc","hide_free":0,"show_hidden":0},"_multiwidget":1},"nav_menu":{"_multiwidget":1,"2":{"title":"Helpful Links","nav_menu":"54"},"4":{"nav_menu":"55"}},"widget_booking_listings":{"_multiwidget":1,"2":{"title":"Booking"}},"widget_coupon":{"_multiwidget":1,"2":{"title":"Test"}},"widget_contact_widget_listeo":{"_multiwidget":1,"2":{"title":"Message Vendor","contact":"1036"}},"widget_opening_hours":{"_multiwidget":1,"2":{"title":"Opening Hours"}},"widget_listing_owner":{"_multiwidget":1,"2":{"title":"Added By","phone":"on","email":"on","social":"on","contact":"on"}},"widget_buttons_listings":{"_multiwidget":1,"2":{"bookmarks":"on","share":"on"}},"widget_search_form_listings":{"_multiwidget":1,"2":{"title":"Filters","action":"archive"}}}