{"listeo_claim_page_button":"on","listeo_header_published":"","listeo_edit_listing_requires_approval":"","listeo_front_end_login":"","listeo_instant_booking_user_waiting_approval_email":"on","listeo_booking_owner_new_booking_email_subject":"There is a new booking request for {listing_name}","listeo_bing_maps_key":"","listeo_emails_name":"Listeo","listeo_review_photos_disable":"","listeo_google_reviews_instead":"","listeo_mapbox_style_url":"","listeo_booking_owner_new_booking_email":"on","listeo_header_welcome":"","_elementor_installed_time":"1608040413","realteo_pages":{"my_account_page":95,"bookmarks_page":null,"my_properties_page":null,"compare_page":null,"submit_property_page":null,"change_password_page":null,"property_packages_page":null,"lost_password_page":null,"reset_password_page":69},"listeo_gallery_type":"top","elementor_unfiltered_files_upload":"1","listeo_map_center_point":"-34.397,150.644","listeo_listings_page":"91","elementor_allow_tracking":"no","listeo_submit_display":"1","listeo_submit_page":"94","listeo_home_slider_background_svg":"background-color: #ffffff;\nbackground-image: url(\"data:image\/svg+xml,%3Csvg xmlns='http:\/\/www.w3.org\/2000\/svg' width='100%25' height='100%25' viewBox='0 0 1600 800'%3E%3Cg %3E%3Cpath fill='%23fffaf5' d='M486 705.8c-109.3-21.8-223.4-32.2-335.3-19.4C99.5 692.1 49 703 0 719.8V800h843.8c-115.9-33.2-230.8-68.1-347.6-92.2C492.8 707.1 489.4 706.5 486 705.8z'\/%3E%3Cpath fill='%23fff5ec' d='M1600 0H0v719.8c49-16.8 99.5-27.8 150.7-33.5c111.9-12.7 226-2.4 335.3 19.4c3.4 0.7 6.8 1.4 10.2 2c116.8 24 231.7 59 347.6 92.2H1600V0z'\/%3E%3Cpath fill='%23ffefe2' d='M478.4 581c3.2 0.8 6.4 1.7 9.5 2.5c196.2 52.5 388.7 133.5 593.5 176.6c174.2 36.6 349.5 29.2 518.6-10.2V0H0v574.9c52.3-17.6 106.5-27.7 161.1-30.9C268.4 537.4 375.7 554.2 478.4 581z'\/%3E%3Cpath fill='%23ffead9' d='M0 0v429.4c55.6-18.4 113.5-27.3 171.4-27.7c102.8-0.8 203.2 22.7 299.3 54.5c3 1 5.9 2 8.9 3c183.6 62 365.7 146.1 562.4 192.1c186.7 43.7 376.3 34.4 557.9-12.6V0H0z'\/%3E%3Cpath fill='%23ffe5cf' d='M181.8 259.4c98.2 6 191.9 35.2 281.3 72.1c2.8 1.1 5.5 2.3 8.3 3.4c171 71.6 342.7 158.5 531.3 207.7c198.8 51.8 403.4 40.8 597.3-14.8V0H0v283.2C59 263.6 120.6 255.7 181.8 259.4z'\/%3E%3Cpath fill='%23ffead9' d='M1600 0H0v136.3c62.3-20.9 127.7-27.5 192.2-19.2c93.6 12.1 180.5 47.7 263.3 89.6c2.6 1.3 5.1 2.6 7.7 3.9c158.4 81.1 319.7 170.9 500.3 223.2c210.5 61 430.8 49 636.6-16.6V0z'\/%3E%3Cpath fill='%23ffefe2' d='M454.9 86.3C600.7 177 751.6 269.3 924.1 325c208.6 67.4 431.3 60.8 637.9-5.3c12.8-4.1 25.4-8.4 38.1-12.9V0H288.1c56 21.3 108.7 50.6 159.7 82C450.2 83.4 452.5 84.9 454.9 86.3z'\/%3E%3Cpath fill='%23fff5ec' d='M1600 0H498c118.1 85.8 243.5 164.5 386.8 216.2c191.8 69.2 400 74.7 595 21.1c40.8-11.2 81.1-25.2 120.3-41.7V0z'\/%3E%3Cpath fill='%23fffaf5' d='M1397.5 154.8c47.2-10.6 93.6-25.3 138.6-43.8c21.7-8.9 43-18.8 63.9-29.5V0H643.4c62.9 41.7 129.7 78.2 202.1 107.4C1020.4 178.1 1214.2 196.1 1397.5 154.8z'\/%3E%3Cpath fill='%23ffffff' d='M1315.3 72.4c75.3-12.6 148.9-37.1 216.8-72.4h-723C966.8 71 1144.7 101 1315.3 72.4z'\/%3E%3C\/g%3E%3C\/svg%3E\");\n\tbackground-attachment: fixed;\n\tbackground-size: cover;","listeo_my_account_display":"1","pp_logo_upload":"https:\/\/wordpress-722045-2402992.cloudwaysapps.com\/wp-content\/uploads\/2020\/12\/logo.png","listeo_header_booking_confirmation":"","listeo_listing_published_email":"on","listeo_booking_instant_owner_new_booking_email_content":"Hi {user_name},<br>\r\n                    There's a new booking  on '{listing_name}' for {dates}.\r\n                    <br>\r\n                    Thank you\r\n                    <br>\r\nINSTANT BOOKING EMAIL CONFIRMATION","listeo_recaptcha_version":"v3","listeo_listings_top_buttons":"enable","listeo_listing_expired_email":"on","listeo_listing_expired_email_content":"Hi {user_name},\r\n\r\nWe'd like you to inform you that your listing '{listing_name}' has expired and is no longer visible on our website. You can renew it in your account.\r\n\r\nThank you","listeo_map_zoom_global":"9","listeo_header_instant_booking_notification_owner":"","listeo_currency_postion":"before","listeo_paid_booking_confirmation_email_subject":"Guest paid for reservation in {listing_name}","listeo_buy_only_once":"","listeo_display_first_last_name":"on","listeo_disable_address":"","listeo_recaptcha":"","listeo_rating_type":"stars","listeo_home_subtitle":"Customize search section in Appearance \u2192 Customize \u2192 Home Search","listeo_display_password_field":"on","listeo_free_booking_confirmation_email_subject":"Your booking request was approved {listing_name}","listeo_listing_published_email_content":"Hi {user_name},\r\n\r\nWe are pleased to inform you that your submission '{listing_name}' was just published on our website.\r\n\r\nThank you.","listeo_registration_hide_username":"","listeo_clock_format":"12","listeo_listing_expiring_soon_email":"on","elementor_active_kit":"217","listeo_user_bookings_page":"72","listeo_autologin":"","listeo_paid_booking_confirmation":"on","listeo_home_background_type":"image","listeo_home_slider_headlines":"dark","listeo_maps_default_radius":"","listeo_max_filesize":"15","listeo_booking_confirmation_page":"73","listeo_map_autofit":"on","listeo_guest_registration_redirect":"0","listeo_header_booking_notification_owner":"","listeo_ajax_browsing":"on","listeo_new_listing_admin_notification":"on","listeo_submit_center_point":"-34.397,150.644","listeo_registration_hide_role":"","elementor_scheme_typography":{"1":{"font_family":"Roboto","font_weight":"600"},"2":{"font_family":"Roboto Slab","font_weight":"400"},"3":{"font_family":"Roboto","font_weight":"400"},"4":{"font_family":"Roboto","font_weight":"500"}},"listeo_wallet_page":"70","listeo_google_reviews":"","listeo_disable_reviews":"","listeo_home_transparent_header":"enable","listeo_map_zoom_single":"9","listeo_profile_page":"95","listeo_listing_new_email_subject":"Thank you for adding a listing","listeo_map_provider":"osm","listeo_bookmarks_page":"93","listeo_header_expiring_soon":"","listeo_home_form_type":"wide","listeo_booking_user_waiting_approval_email":"on","listeo_sort_by":"featured","listeo_currency":"USD","listeo_activation_date":"1631861325","listeo_home_featured_categories_status":"enable","listeo_google_reviews_lang":"en","listeo_reset_password_page":"69","listeo_header_pay_booking_notification_owner":"","listeo_header_instant_booking_confirmation":"","listeo_home_banner_text_align":"center","listeo_single_taxonomies_checkbox_list":"a:1:{i:0;s:15:\"listing_feature\";}","listeo_max_files":"15","listeo_region_in_links":"","listeo_booking_instant_owner_new_booking_email_subject":"There is a new instant booking for {listing_name}","listeo_core_permalinks":"{\"listings_archive\":\"\",\"listing_base\":\"\",\"category_base\":\"\"}","listeo_header_new":"","pp_sticky_logo_upload":"https:\/\/wordpress-722045-2402992.cloudwaysapps.com\/wp-content\/uploads\/2020\/12\/logo.png","listeo_pay_booking_confirmation_email_subject":"Your booking request was approved {listing_name}","listeo_listing_expired_email_subject":"Your listing has expired - {listing_name}","listeo_listings_per_page":"5","listeo_ical_timezone":"","listeo_lost_password_page":"68","elementor_elementor_updater_completed":1,"listeo_header_expired":"","listeo_role_dokan":"seller","pp_dashboard_logo_upload":"https:\/\/wordpress-722045-2402992.cloudwaysapps.com\/wp-content\/uploads\/2020\/12\/logo2.png","elementor_tracker_notice":"1","listeo_listing_welcome_email_subject":"Welcome to {site_name}","listeo_radius_state":"disabled","listeo_date_format_separator":"\/","listeo_map_autolocate":"","listeo_emails_from_email":"contact@purethemes.net","listeo_instant_booking_user_waiting_approval_email_content":"Hi {user_name},<br>\r\n                    Thank you for your booking request on {listing_name} for {dates}. Please wait for confirmation and further instructions.<br>\r\n                    <br>\r\n                    Thank you\r\n                    <br>\r\n\r\nINSTANT BOOKING EMAIL CONFIRMATION","listeo_listing_published_email_subject":"Your listing has been published - {listing_name}","listeo_listing_new_email_content":"Hi {user_name},\r\n\r\nThank you for submitting your listing '{listing_name}'.","listeo_listing_expiring_soon_email_subject":"Your listing is expiring in 5 days - {listing_name}","listeo_header_free_booking_notification_owner":"","listeo_here_app_id":"","listeo_maps_limit_country":"","listeo_messages_page":"89","elementor_version":"3.6.6","listeo_search_bg_opacity":"0.75","listeo_coupons_page":"66","_elementor_global_css":{"time":1655164438,"fonts":[],"icons":[],"dynamic_elements_ids":[],"status":"file","0":false},"listeo_mapbox_retina":"on","listeo_number_decimals":"2","listeo_user_contact_details_visibility":"show_all","listeo_home_typed_status":"enable","listeo_listing_types":"a:4:{i:0;s:7:\"service\";i:1;s:6:\"rental\";i:2;s:5:\"event\";i:3;s:11:\"classifieds\";}","listeo_cart_display":"1","listeo_search_video_poster":"","listeo_free_booking_confirmation_email_content":"Hi {user_name},\r\n\r\nYour booking request on '{listing_name}' for {dates} was approved. See you soon!.\r\n\r\nThank you","listeo_dokan_exclude_categories":"a:2:{i:0;s:2:\"17\";i:1;s:2:\"22\";}","listeo_booking_owner_new_booking_email_content":"Hi {user_name},\r\n\r\nThere's a new <strong>booking request<\/strong> on '{listing_name}' for {dates}. Go to your Bookings Dashboard to accept or reject it.\r\n\r\nThank you","listeo_radius_unit":"km","listeo_bookings_page":"90","pp_listings_top_layout":"half","listeo_recaptcha_sitekey3":"","listeo_recaptcha_secretkey3":"","listeo_claim_page":"71","listeo_general_backward_liste":"","widget_listeo_header_widget":"s:30:\"a:1:{s:12:\"_multiwidget\";i:1;}\";","listeo_new_listing_preview":"","listeo_iconsmind":"hide","listeo_new_listing_requires_purchase":"on","listeo_guest_login_redirect":"0","pp_listings_sidebar_layout":"full-width","listeo_bookings_disabled":"","listeo_pay_booking_confirmation_email_content":"Hi {user_name},\r\n\r\nYour booking request on '{listing_name}' for {dates} was approved. Here's the payment link <a href=\"{payment_url}\">{payment_url}<\/a>, the booking will expire after {expiration} if not paid!.\r\n\r\nThank you","listeo_reviews_only_booked":"","elementor_library_category_children":[],"listeo_booking_user_waiting_approval_email_subject":"Thank you for your booking - {listing_name}","listeo_free_booking_confirmation":"on","elementor_install_history":{"3.0.14":1608040397,"3.4.4":1631836323,"3.4.5":1634159605,"3.5.0":1639878328,"3.5.5":1643987785,"3.6.3":1649858894,"3.6.6":1655162689},"listeo_registration_form_default_role":"owner","listeo_default_duration":"30","listeo_home_slider_background":"svg","listeo_paid_booking_confirmation_email_content":"Hi {user_name},\r\n\r\nThe booking for '{listing_name}' on {dates} has been paid by user.\r\n\r\nThank you","listeo_reviews_page":"92","listeo_google_reviews_cache_days":"7","listeo_listing_expiring_soon_email_content":"Hi {user_name},\r\n\r\nWe'd like you to <em>inform<\/em> you that your listing '{listing_name}' is expiring in 5 days.\r\n\r\nThank you","listeo_popup_login":"ajax","listeo_orders_page":"","pp_shop_layout":"right-sidebar","listeo_new_listing_requires_approval":"on","listeo_ical_page":"67","listeo_core_version":"1.0.0","listeo_listing_welcome_email_content":"Hi {user_name},\r\nWelcome to our website.\r\n<ul><li>Username: {login}<\/li><li>Password: {password}<\/li><\/ul>\r\nThank you.","listeo_search_video_mp4":"","listeo_profile_allow_role_change":"","listeo_dashboard_page":"88","listeo_thunderforest_api_key":"","listeo_commission_rate":"10","elementor_scheme_color-picker":{"1":"#6ec1e4","2":"#54595f","3":"#7a7a7a","4":"#61ce70","5":"#4054b2","6":"#23a455","7":"#000","8":"#fff"},"listeo_privacy_policy":"on","pp_main_color":"#f91942","listeo_owner_registration_redirect":"0","listeo_map_address_provider":"osm","listeo_listing_new_email":"on","listeo_here_app_code":"","listeo_instant_booking_user_waiting_approval_email_subject":"Thank you for your booking - {listing_name}","listeo_pay_booking_confirmation":"on","listeo_core_db_version":"1.5.19","listeo_home_title":"Find Nearby","elementor_scheme_color":{"1":"#6ec1e4","2":"#54595f","3":"#7a7a7a","4":"#61ce70"},"listeo_search_bg":"https:\/\/wordpress-722045-2402992.cloudwaysapps.com\/wp-content\/uploads\/2018\/11\/main-search-background-01.jpg","listeo_home_slider":"a:2:{i:0;a:1:{s:5:\"image\";i:35;}i:1;a:1:{s:5:\"image\";i:237;}}","listeo_booking_user_waiting_approval_email_content":"Hi {user_name},\r\n\r\nThank you for <strong>your booking request on<\/strong> '{listing_name}' for {dates}. Please wait for confirmation and further instructions.\r\n\r\nThank you","listeo_listings_top_buttons_conf":"s:39:\"a:2:{i:0;s:6:\"layout\";i:1;s:5:\"order\";}\";","listeo_header_pay_booking_confirmation_owner":"","listeo_header_radius":"","listeo_sticky_header":"1","listeo_page_builder":"elementor","listeo_dark_mode":"0","listeo_header_free_booking_notification_user":"","listeo_booking_instant_owner_new_booking_email":"on","listeo_commission_table_version":"2.0","listeo_fw_header":"0","listeo_home_typed_text":"Attractions, Restaurants, Hotels","listeo_owner_login_redirect":"0","listeo_owners_can_review":"","widget_widget_listeo_dokan_vendor":"a:1:{s:12:\"_multiwidget\";i:1;}","listeo_dynamic_features":"on","listeo_subscription_page":"","woocommerce_cart_redirect_after_add":"yes","woocommerce_enable_ajax_add_to_cart":"no"}